Producto,Precio,Página,Categoria,Fecha de consulta
Secreto de Cerdo aroma Ibérico,"6,95 €
                /kg",1,carnes,2024-11-11 22:08:05
"Pollo limpio Amarillo (1,4 a 1,7kg)","4,35 €
                /kg",1,carnes,2024-11-11 22:08:05
Pata de cochinillo ( 700 a 1.100g apróx),"13,70 €
                /kg",1,carnes,2024-11-11 22:08:05
"Muslo de pollo relleno de ciruelas, pasas y piñones (200g)","3,25 €
                /ud",1,carnes,2024-11-11 22:08:05
Carrillada de Cerdo Ibérico,"17,45 €
                /kg",1,carnes,2024-11-11 22:08:05
Muslo y contramuslo de Codorniz (bandeja de 200g),"5,85 €
                /bandeja",1,carnes,2024-11-11 22:08:05
Pechuga de Codorniz (bandeja de 200g),"5,85 €
                /bandeja",1,carnes,2024-11-11 22:08:05
Coquelet Rústico (bandeja de 500g),"5,35 €
                /bandeja",1,carnes,2024-11-11 22:08:05
"Solomillo de res 2/3 libras (Pieza de 1,0 a 1,3kg)","17,85 €
                /kg",1,carnes,2024-11-11 22:08:05
Presa Ibérica,"24,75 €
                /kg",1,carnes,2024-11-11 22:08:05
Pluma de Cerdo sabor Ibérico,"11,75 €
                /kg",1,carnes,2024-11-11 22:08:05
Bistec de nalga,"8,75 €
                /kg",1,carnes,2024-11-11 22:08:05
Secreto de Cerdo aroma Ibérico,"6,95 €
                /kg",2,carnes,2024-11-11 22:08:09
"Pollo limpio Amarillo (1,4 a 1,7kg)","4,35 €
                /kg",2,carnes,2024-11-11 22:08:09
Pata de cochinillo ( 700 a 1.100g apróx),"13,70 €
                /kg",2,carnes,2024-11-11 22:08:09
"Muslo de pollo relleno de ciruelas, pasas y piñones (200g)","3,25 €
                /ud",2,carnes,2024-11-11 22:08:09
Carrillada de Cerdo Ibérico,"17,45 €
                /kg",2,carnes,2024-11-11 22:08:09
Muslo y contramuslo de Codorniz (bandeja de 200g),"5,85 €
                /bandeja",2,carnes,2024-11-11 22:08:09
Pechuga de Codorniz (bandeja de 200g),"5,85 €
                /bandeja",2,carnes,2024-11-11 22:08:09
Coquelet Rústico (bandeja de 500g),"5,35 €
                /bandeja",2,carnes,2024-11-11 22:08:09
"Solomillo de res 2/3 libras (Pieza de 1,0 a 1,3kg)","17,85 €
                /kg",2,carnes,2024-11-11 22:08:09
Presa Ibérica,"24,75 €
                /kg",2,carnes,2024-11-11 22:08:09
Pluma de Cerdo sabor Ibérico,"11,75 €
                /kg",2,carnes,2024-11-11 22:08:09
Bistec de nalga,"8,75 €
                /kg",2,carnes,2024-11-11 22:08:09
Secreto de Cerdo aroma Ibérico,"6,95 €
                /kg",3,carnes,2024-11-11 22:08:15
"Pollo limpio Amarillo (1,4 a 1,7kg)","4,35 €
                /kg",3,carnes,2024-11-11 22:08:15
Pata de cochinillo ( 700 a 1.100g apróx),"13,70 €
                /kg",3,carnes,2024-11-11 22:08:15
"Muslo de pollo relleno de ciruelas, pasas y piñones (200g)","3,25 €
                /ud",3,carnes,2024-11-11 22:08:15
Carrillada de Cerdo Ibérico,"17,45 €
                /kg",3,carnes,2024-11-11 22:08:15
Muslo y contramuslo de Codorniz (bandeja de 200g),"5,85 €
                /bandeja",3,carnes,2024-11-11 22:08:15
Pechuga de Codorniz (bandeja de 200g),"5,85 €
                /bandeja",3,carnes,2024-11-11 22:08:15
Coquelet Rústico (bandeja de 500g),"5,35 €
                /bandeja",3,carnes,2024-11-11 22:08:15
"Solomillo de res 2/3 libras (Pieza de 1,0 a 1,3kg)","17,85 €
                /kg",3,carnes,2024-11-11 22:08:15
Presa Ibérica,"24,75 €
                /kg",3,carnes,2024-11-11 22:08:15
Pluma de Cerdo sabor Ibérico,"11,75 €
                /kg",3,carnes,2024-11-11 22:08:15
Bistec de nalga,"8,75 €
                /kg",3,carnes,2024-11-11 22:08:15
Secreto de Cerdo aroma Ibérico,"6,95 €
                /kg",4,carnes,2024-11-11 22:08:19
"Pollo limpio Amarillo (1,4 a 1,7kg)","4,35 €
                /kg",4,carnes,2024-11-11 22:08:19
Pata de cochinillo ( 700 a 1.100g apróx),"13,70 €
                /kg",4,carnes,2024-11-11 22:08:19
"Muslo de pollo relleno de ciruelas, pasas y piñones (200g)","3,25 €
                /ud",4,carnes,2024-11-11 22:08:19
Carrillada de Cerdo Ibérico,"17,45 €
                /kg",4,carnes,2024-11-11 22:08:19
Muslo y contramuslo de Codorniz (bandeja de 200g),"5,85 €
                /bandeja",4,carnes,2024-11-11 22:08:19
Pechuga de Codorniz (bandeja de 200g),"5,85 €
                /bandeja",4,carnes,2024-11-11 22:08:19
Coquelet Rústico (bandeja de 500g),"5,35 €
                /bandeja",4,carnes,2024-11-11 22:08:19
"Solomillo de res 2/3 libras (Pieza de 1,0 a 1,3kg)","17,85 €
                /kg",4,carnes,2024-11-11 22:08:19
Presa Ibérica,"24,75 €
                /kg",4,carnes,2024-11-11 22:08:19
Pluma de Cerdo sabor Ibérico,"11,75 €
                /kg",4,carnes,2024-11-11 22:08:19
Bistec de nalga,"8,75 €
                /kg",4,carnes,2024-11-11 22:08:19
Secreto de Cerdo aroma Ibérico,"6,95 €
                /kg",5,carnes,2024-11-11 22:08:24
"Pollo limpio Amarillo (1,4 a 1,7kg)","4,35 €
                /kg",5,carnes,2024-11-11 22:08:24
Pata de cochinillo ( 700 a 1.100g apróx),"13,70 €
                /kg",5,carnes,2024-11-11 22:08:24
"Muslo de pollo relleno de ciruelas, pasas y piñones (200g)","3,25 €
                /ud",5,carnes,2024-11-11 22:08:24
Carrillada de Cerdo Ibérico,"17,45 €
                /kg",5,carnes,2024-11-11 22:08:24
Muslo y contramuslo de Codorniz (bandeja de 200g),"5,85 €
                /bandeja",5,carnes,2024-11-11 22:08:24
Pechuga de Codorniz (bandeja de 200g),"5,85 €
                /bandeja",5,carnes,2024-11-11 22:08:24
Coquelet Rústico (bandeja de 500g),"5,35 €
                /bandeja",5,carnes,2024-11-11 22:08:24
"Solomillo de res 2/3 libras (Pieza de 1,0 a 1,3kg)","17,85 €
                /kg",5,carnes,2024-11-11 22:08:24
Presa Ibérica,"24,75 €
                /kg",5,carnes,2024-11-11 22:08:24
Pluma de Cerdo sabor Ibérico,"11,75 €
                /kg",5,carnes,2024-11-11 22:08:24
Bistec de nalga,"8,75 €
                /kg",5,carnes,2024-11-11 22:08:24
Secreto de Cerdo aroma Ibérico,"6,95 €
                /kg",6,carnes,2024-11-11 22:08:30
"Pollo limpio Amarillo (1,4 a 1,7kg)","4,35 €
                /kg",6,carnes,2024-11-11 22:08:30
Pata de cochinillo ( 700 a 1.100g apróx),"13,70 €
                /kg",6,carnes,2024-11-11 22:08:30
"Muslo de pollo relleno de ciruelas, pasas y piñones (200g)","3,25 €
                /ud",6,carnes,2024-11-11 22:08:30
Carrillada de Cerdo Ibérico,"17,45 €
                /kg",6,carnes,2024-11-11 22:08:30
Muslo y contramuslo de Codorniz (bandeja de 200g),"5,85 €
                /bandeja",6,carnes,2024-11-11 22:08:30
Pechuga de Codorniz (bandeja de 200g),"5,85 €
                /bandeja",6,carnes,2024-11-11 22:08:30
Coquelet Rústico (bandeja de 500g),"5,35 €
                /bandeja",6,carnes,2024-11-11 22:08:30
"Solomillo de res 2/3 libras (Pieza de 1,0 a 1,3kg)","17,85 €
                /kg",6,carnes,2024-11-11 22:08:30
Presa Ibérica,"24,75 €
                /kg",6,carnes,2024-11-11 22:08:30
Pluma de Cerdo sabor Ibérico,"11,75 €
                /kg",6,carnes,2024-11-11 22:08:30
Bistec de nalga,"8,75 €
                /kg",6,carnes,2024-11-11 22:08:30
Secreto de Cerdo aroma Ibérico,"6,95 €
                /kg",7,carnes,2024-11-11 22:08:36
"Pollo limpio Amarillo (1,4 a 1,7kg)","4,35 €
                /kg",7,carnes,2024-11-11 22:08:36
Pata de cochinillo ( 700 a 1.100g apróx),"13,70 €
                /kg",7,carnes,2024-11-11 22:08:36
"Muslo de pollo relleno de ciruelas, pasas y piñones (200g)","3,25 €
                /ud",7,carnes,2024-11-11 22:08:36
Carrillada de Cerdo Ibérico,"17,45 €
                /kg",7,carnes,2024-11-11 22:08:36
Muslo y contramuslo de Codorniz (bandeja de 200g),"5,85 €
                /bandeja",7,carnes,2024-11-11 22:08:36
Pechuga de Codorniz (bandeja de 200g),"5,85 €
                /bandeja",7,carnes,2024-11-11 22:08:36
Coquelet Rústico (bandeja de 500g),"5,35 €
                /bandeja",7,carnes,2024-11-11 22:08:36
"Solomillo de res 2/3 libras (Pieza de 1,0 a 1,3kg)","17,85 €
                /kg",7,carnes,2024-11-11 22:08:36
Presa Ibérica,"24,75 €
                /kg",7,carnes,2024-11-11 22:08:36
Pluma de Cerdo sabor Ibérico,"11,75 €
                /kg",7,carnes,2024-11-11 22:08:36
Bistec de nalga,"8,75 €
                /kg",7,carnes,2024-11-11 22:08:36
Secreto de Cerdo aroma Ibérico,"6,95 €
                /kg",8,carnes,2024-11-11 22:08:40
"Pollo limpio Amarillo (1,4 a 1,7kg)","4,35 €
                /kg",8,carnes,2024-11-11 22:08:40
Pata de cochinillo ( 700 a 1.100g apróx),"13,70 €
                /kg",8,carnes,2024-11-11 22:08:40
"Muslo de pollo relleno de ciruelas, pasas y piñones (200g)","3,25 €
                /ud",8,carnes,2024-11-11 22:08:40
Carrillada de Cerdo Ibérico,"17,45 €
                /kg",8,carnes,2024-11-11 22:08:40
Muslo y contramuslo de Codorniz (bandeja de 200g),"5,85 €
                /bandeja",8,carnes,2024-11-11 22:08:40
Pechuga de Codorniz (bandeja de 200g),"5,85 €
                /bandeja",8,carnes,2024-11-11 22:08:40
Coquelet Rústico (bandeja de 500g),"5,35 €
                /bandeja",8,carnes,2024-11-11 22:08:40
"Solomillo de res 2/3 libras (Pieza de 1,0 a 1,3kg)","17,85 €
                /kg",8,carnes,2024-11-11 22:08:40
Presa Ibérica,"24,75 €
                /kg",8,carnes,2024-11-11 22:08:40
Pluma de Cerdo sabor Ibérico,"11,75 €
                /kg",8,carnes,2024-11-11 22:08:40
Bistec de nalga,"8,75 €
                /kg",8,carnes,2024-11-11 22:08:40
Secreto de Cerdo aroma Ibérico,"6,95 €
                /kg",9,carnes,2024-11-11 22:08:45
"Pollo limpio Amarillo (1,4 a 1,7kg)","4,35 €
                /kg",9,carnes,2024-11-11 22:08:45
Pata de cochinillo ( 700 a 1.100g apróx),"13,70 €
                /kg",9,carnes,2024-11-11 22:08:45
"Muslo de pollo relleno de ciruelas, pasas y piñones (200g)","3,25 €
                /ud",9,carnes,2024-11-11 22:08:45
Carrillada de Cerdo Ibérico,"17,45 €
                /kg",9,carnes,2024-11-11 22:08:45
Muslo y contramuslo de Codorniz (bandeja de 200g),"5,85 €
                /bandeja",9,carnes,2024-11-11 22:08:45
Pechuga de Codorniz (bandeja de 200g),"5,85 €
                /bandeja",9,carnes,2024-11-11 22:08:45
Coquelet Rústico (bandeja de 500g),"5,35 €
                /bandeja",9,carnes,2024-11-11 22:08:45
"Solomillo de res 2/3 libras (Pieza de 1,0 a 1,3kg)","17,85 €
                /kg",9,carnes,2024-11-11 22:08:45
Presa Ibérica,"24,75 €
                /kg",9,carnes,2024-11-11 22:08:45
Pluma de Cerdo sabor Ibérico,"11,75 €
                /kg",9,carnes,2024-11-11 22:08:45
Bistec de nalga,"8,75 €
                /kg",9,carnes,2024-11-11 22:08:45
Mariscada Cocida (caja 800g),"12,75 €
                /ud",1,pescados-y-mariscos,2024-11-11 22:08:52
Almeja Japonesa pasteurizada 40/60 uds/kg (bolsa de 500g),"7,45 €
                /bolsa",1,pescados-y-mariscos,2024-11-11 22:08:52
Cigala entera (17/20 piezas x estuche 1kg).,"12,95 €
                /estuche",1,pescados-y-mariscos,2024-11-11 22:08:52
Rejos de pota,"9,95 €
                /kg",1,pescados-y-mariscos,2024-11-11 22:08:52
Cigala nº 00 (estuche 1.5kg),"39,75 €
                /kg",1,pescados-y-mariscos,2024-11-11 22:08:52
Rodaja de Corvina,"8,95 €
                /kg",1,pescados-y-mariscos,2024-11-11 22:08:52
Lenguado Tigre limpio,"8,85 €
                /kg",1,pescados-y-mariscos,2024-11-11 22:08:52
Colas de Surimi sabor Langostino (1ud x  250g),"1,95 €
                /pack",1,pescados-y-mariscos,2024-11-11 22:08:52
Lomo Perca con piel,"9,95 €
                /kg",1,pescados-y-mariscos,2024-11-11 22:08:52
Hamburguesa de Salmón (2uds x 100g),"3,15 €
                /pack",1,pescados-y-mariscos,2024-11-11 22:08:52
Carne de Almeja Blanca cocida (bolsa de 270g),"3,45 €
                /ud",1,pescados-y-mariscos,2024-11-11 22:08:52
Bacalao Noruego salado,"17,25 €
                /kg",1,pescados-y-mariscos,2024-11-11 22:08:52
Mariscada Cocida (caja 800g),"12,75 €
                /ud",2,pescados-y-mariscos,2024-11-11 22:08:56
Almeja Japonesa pasteurizada 40/60 uds/kg (bolsa de 500g),"7,45 €
                /bolsa",2,pescados-y-mariscos,2024-11-11 22:08:56
Cigala entera (17/20 piezas x estuche 1kg).,"12,95 €
                /estuche",2,pescados-y-mariscos,2024-11-11 22:08:56
Rejos de pota,"9,95 €
                /kg",2,pescados-y-mariscos,2024-11-11 22:08:56
Cigala nº 00 (estuche 1.5kg),"39,75 €
                /kg",2,pescados-y-mariscos,2024-11-11 22:08:56
Rodaja de Corvina,"8,95 €
                /kg",2,pescados-y-mariscos,2024-11-11 22:08:56
Lenguado Tigre limpio,"8,85 €
                /kg",2,pescados-y-mariscos,2024-11-11 22:08:56
Colas de Surimi sabor Langostino (1ud x  250g),"1,95 €
                /pack",2,pescados-y-mariscos,2024-11-11 22:08:56
Lomo Perca con piel,"9,95 €
                /kg",2,pescados-y-mariscos,2024-11-11 22:08:56
Hamburguesa de Salmón (2uds x 100g),"3,15 €
                /pack",2,pescados-y-mariscos,2024-11-11 22:08:56
Carne de Almeja Blanca cocida (bolsa de 270g),"3,45 €
                /ud",2,pescados-y-mariscos,2024-11-11 22:08:56
Bacalao Noruego salado,"17,25 €
                /kg",2,pescados-y-mariscos,2024-11-11 22:08:56
Mariscada Cocida (caja 800g),"12,75 €
                /ud",3,pescados-y-mariscos,2024-11-11 22:08:59
Almeja Japonesa pasteurizada 40/60 uds/kg (bolsa de 500g),"7,45 €
                /bolsa",3,pescados-y-mariscos,2024-11-11 22:08:59
Cigala entera (17/20 piezas x estuche 1kg).,"12,95 €
                /estuche",3,pescados-y-mariscos,2024-11-11 22:08:59
Rejos de pota,"9,95 €
                /kg",3,pescados-y-mariscos,2024-11-11 22:08:59
Cigala nº 00 (estuche 1.5kg),"39,75 €
                /kg",3,pescados-y-mariscos,2024-11-11 22:08:59
Rodaja de Corvina,"8,95 €
                /kg",3,pescados-y-mariscos,2024-11-11 22:08:59
Lenguado Tigre limpio,"8,85 €
                /kg",3,pescados-y-mariscos,2024-11-11 22:08:59
Colas de Surimi sabor Langostino (1ud x  250g),"1,95 €
                /pack",3,pescados-y-mariscos,2024-11-11 22:08:59
Lomo Perca con piel,"9,95 €
                /kg",3,pescados-y-mariscos,2024-11-11 22:08:59
Hamburguesa de Salmón (2uds x 100g),"3,15 €
                /pack",3,pescados-y-mariscos,2024-11-11 22:08:59
Carne de Almeja Blanca cocida (bolsa de 270g),"3,45 €
                /ud",3,pescados-y-mariscos,2024-11-11 22:08:59
Bacalao Noruego salado,"17,25 €
                /kg",3,pescados-y-mariscos,2024-11-11 22:08:59
Mariscada Cocida (caja 800g),"12,75 €
                /ud",4,pescados-y-mariscos,2024-11-11 22:09:05
Almeja Japonesa pasteurizada 40/60 uds/kg (bolsa de 500g),"7,45 €
                /bolsa",4,pescados-y-mariscos,2024-11-11 22:09:05
Cigala entera (17/20 piezas x estuche 1kg).,"12,95 €
                /estuche",4,pescados-y-mariscos,2024-11-11 22:09:05
Rejos de pota,"9,95 €
                /kg",4,pescados-y-mariscos,2024-11-11 22:09:05
Cigala nº 00 (estuche 1.5kg),"39,75 €
                /kg",4,pescados-y-mariscos,2024-11-11 22:09:05
Rodaja de Corvina,"8,95 €
                /kg",4,pescados-y-mariscos,2024-11-11 22:09:05
Lenguado Tigre limpio,"8,85 €
                /kg",4,pescados-y-mariscos,2024-11-11 22:09:05
Colas de Surimi sabor Langostino (1ud x  250g),"1,95 €
                /pack",4,pescados-y-mariscos,2024-11-11 22:09:05
Lomo Perca con piel,"9,95 €
                /kg",4,pescados-y-mariscos,2024-11-11 22:09:05
Hamburguesa de Salmón (2uds x 100g),"3,15 €
                /pack",4,pescados-y-mariscos,2024-11-11 22:09:05
Carne de Almeja Blanca cocida (bolsa de 270g),"3,45 €
                /ud",4,pescados-y-mariscos,2024-11-11 22:09:05
Bacalao Noruego salado,"17,25 €
                /kg",4,pescados-y-mariscos,2024-11-11 22:09:05
Mariscada Cocida (caja 800g),"12,75 €
                /ud",5,pescados-y-mariscos,2024-11-11 22:09:09
Almeja Japonesa pasteurizada 40/60 uds/kg (bolsa de 500g),"7,45 €
                /bolsa",5,pescados-y-mariscos,2024-11-11 22:09:09
Cigala entera (17/20 piezas x estuche 1kg).,"12,95 €
                /estuche",5,pescados-y-mariscos,2024-11-11 22:09:09
Rejos de pota,"9,95 €
                /kg",5,pescados-y-mariscos,2024-11-11 22:09:09
Cigala nº 00 (estuche 1.5kg),"39,75 €
                /kg",5,pescados-y-mariscos,2024-11-11 22:09:09
Rodaja de Corvina,"8,95 €
                /kg",5,pescados-y-mariscos,2024-11-11 22:09:09
Lenguado Tigre limpio,"8,85 €
                /kg",5,pescados-y-mariscos,2024-11-11 22:09:09
Colas de Surimi sabor Langostino (1ud x  250g),"1,95 €
                /pack",5,pescados-y-mariscos,2024-11-11 22:09:09
Lomo Perca con piel,"9,95 €
                /kg",5,pescados-y-mariscos,2024-11-11 22:09:09
Hamburguesa de Salmón (2uds x 100g),"3,15 €
                /pack",5,pescados-y-mariscos,2024-11-11 22:09:09
Carne de Almeja Blanca cocida (bolsa de 270g),"3,45 €
                /ud",5,pescados-y-mariscos,2024-11-11 22:09:09
Bacalao Noruego salado,"17,25 €
                /kg",5,pescados-y-mariscos,2024-11-11 22:09:09
Mariscada Cocida (caja 800g),"12,75 €
                /ud",6,pescados-y-mariscos,2024-11-11 22:09:13
Almeja Japonesa pasteurizada 40/60 uds/kg (bolsa de 500g),"7,45 €
                /bolsa",6,pescados-y-mariscos,2024-11-11 22:09:13
Cigala entera (17/20 piezas x estuche 1kg).,"12,95 €
                /estuche",6,pescados-y-mariscos,2024-11-11 22:09:13
Rejos de pota,"9,95 €
                /kg",6,pescados-y-mariscos,2024-11-11 22:09:13
Cigala nº 00 (estuche 1.5kg),"39,75 €
                /kg",6,pescados-y-mariscos,2024-11-11 22:09:13
Rodaja de Corvina,"8,95 €
                /kg",6,pescados-y-mariscos,2024-11-11 22:09:13
Lenguado Tigre limpio,"8,85 €
                /kg",6,pescados-y-mariscos,2024-11-11 22:09:13
Colas de Surimi sabor Langostino (1ud x  250g),"1,95 €
                /pack",6,pescados-y-mariscos,2024-11-11 22:09:13
Lomo Perca con piel,"9,95 €
                /kg",6,pescados-y-mariscos,2024-11-11 22:09:13
Hamburguesa de Salmón (2uds x 100g),"3,15 €
                /pack",6,pescados-y-mariscos,2024-11-11 22:09:13
Carne de Almeja Blanca cocida (bolsa de 270g),"3,45 €
                /ud",6,pescados-y-mariscos,2024-11-11 22:09:13
Bacalao Noruego salado,"17,25 €
                /kg",6,pescados-y-mariscos,2024-11-11 22:09:13
Mariscada Cocida (caja 800g),"12,75 €
                /ud",7,pescados-y-mariscos,2024-11-11 22:09:18
Almeja Japonesa pasteurizada 40/60 uds/kg (bolsa de 500g),"7,45 €
                /bolsa",7,pescados-y-mariscos,2024-11-11 22:09:18
Cigala entera (17/20 piezas x estuche 1kg).,"12,95 €
                /estuche",7,pescados-y-mariscos,2024-11-11 22:09:18
Rejos de pota,"9,95 €
                /kg",7,pescados-y-mariscos,2024-11-11 22:09:18
Cigala nº 00 (estuche 1.5kg),"39,75 €
                /kg",7,pescados-y-mariscos,2024-11-11 22:09:18
Rodaja de Corvina,"8,95 €
                /kg",7,pescados-y-mariscos,2024-11-11 22:09:18
Lenguado Tigre limpio,"8,85 €
                /kg",7,pescados-y-mariscos,2024-11-11 22:09:18
Colas de Surimi sabor Langostino (1ud x  250g),"1,95 €
                /pack",7,pescados-y-mariscos,2024-11-11 22:09:18
Lomo Perca con piel,"9,95 €
                /kg",7,pescados-y-mariscos,2024-11-11 22:09:18
Hamburguesa de Salmón (2uds x 100g),"3,15 €
                /pack",7,pescados-y-mariscos,2024-11-11 22:09:18
Carne de Almeja Blanca cocida (bolsa de 270g),"3,45 €
                /ud",7,pescados-y-mariscos,2024-11-11 22:09:18
Bacalao Noruego salado,"17,25 €
                /kg",7,pescados-y-mariscos,2024-11-11 22:09:18
Mariscada Cocida (caja 800g),"12,75 €
                /ud",8,pescados-y-mariscos,2024-11-11 22:09:24
Almeja Japonesa pasteurizada 40/60 uds/kg (bolsa de 500g),"7,45 €
                /bolsa",8,pescados-y-mariscos,2024-11-11 22:09:24
Cigala entera (17/20 piezas x estuche 1kg).,"12,95 €
                /estuche",8,pescados-y-mariscos,2024-11-11 22:09:24
Rejos de pota,"9,95 €
                /kg",8,pescados-y-mariscos,2024-11-11 22:09:24
Cigala nº 00 (estuche 1.5kg),"39,75 €
                /kg",8,pescados-y-mariscos,2024-11-11 22:09:24
Rodaja de Corvina,"8,95 €
                /kg",8,pescados-y-mariscos,2024-11-11 22:09:24
Lenguado Tigre limpio,"8,85 €
                /kg",8,pescados-y-mariscos,2024-11-11 22:09:24
Colas de Surimi sabor Langostino (1ud x  250g),"1,95 €
                /pack",8,pescados-y-mariscos,2024-11-11 22:09:24
Lomo Perca con piel,"9,95 €
                /kg",8,pescados-y-mariscos,2024-11-11 22:09:24
Hamburguesa de Salmón (2uds x 100g),"3,15 €
                /pack",8,pescados-y-mariscos,2024-11-11 22:09:24
Carne de Almeja Blanca cocida (bolsa de 270g),"3,45 €
                /ud",8,pescados-y-mariscos,2024-11-11 22:09:24
Bacalao Noruego salado,"17,25 €
                /kg",8,pescados-y-mariscos,2024-11-11 22:09:24
Mariscada Cocida (caja 800g),"12,75 €
                /ud",9,pescados-y-mariscos,2024-11-11 22:09:28
Almeja Japonesa pasteurizada 40/60 uds/kg (bolsa de 500g),"7,45 €
                /bolsa",9,pescados-y-mariscos,2024-11-11 22:09:28
Cigala entera (17/20 piezas x estuche 1kg).,"12,95 €
                /estuche",9,pescados-y-mariscos,2024-11-11 22:09:28
Rejos de pota,"9,95 €
                /kg",9,pescados-y-mariscos,2024-11-11 22:09:28
Cigala nº 00 (estuche 1.5kg),"39,75 €
                /kg",9,pescados-y-mariscos,2024-11-11 22:09:28
Rodaja de Corvina,"8,95 €
                /kg",9,pescados-y-mariscos,2024-11-11 22:09:28
Lenguado Tigre limpio,"8,85 €
                /kg",9,pescados-y-mariscos,2024-11-11 22:09:28
Colas de Surimi sabor Langostino (1ud x  250g),"1,95 €
                /pack",9,pescados-y-mariscos,2024-11-11 22:09:28
Lomo Perca con piel,"9,95 €
                /kg",9,pescados-y-mariscos,2024-11-11 22:09:28
Hamburguesa de Salmón (2uds x 100g),"3,15 €
                /pack",9,pescados-y-mariscos,2024-11-11 22:09:28
Carne de Almeja Blanca cocida (bolsa de 270g),"3,45 €
                /ud",9,pescados-y-mariscos,2024-11-11 22:09:28
Bacalao Noruego salado,"17,25 €
                /kg",9,pescados-y-mariscos,2024-11-11 22:09:28
Mariscada Cocida (caja 800g),"12,75 €
                /ud",10,pescados-y-mariscos,2024-11-11 22:09:33
Almeja Japonesa pasteurizada 40/60 uds/kg (bolsa de 500g),"7,45 €
                /bolsa",10,pescados-y-mariscos,2024-11-11 22:09:33
Cigala entera (17/20 piezas x estuche 1kg).,"12,95 €
                /estuche",10,pescados-y-mariscos,2024-11-11 22:09:33
Rejos de pota,"9,95 €
                /kg",10,pescados-y-mariscos,2024-11-11 22:09:33
Cigala nº 00 (estuche 1.5kg),"39,75 €
                /kg",10,pescados-y-mariscos,2024-11-11 22:09:33
Rodaja de Corvina,"8,95 €
                /kg",10,pescados-y-mariscos,2024-11-11 22:09:33
Lenguado Tigre limpio,"8,85 €
                /kg",10,pescados-y-mariscos,2024-11-11 22:09:33
Colas de Surimi sabor Langostino (1ud x  250g),"1,95 €
                /pack",10,pescados-y-mariscos,2024-11-11 22:09:33
Lomo Perca con piel,"9,95 €
                /kg",10,pescados-y-mariscos,2024-11-11 22:09:33
Hamburguesa de Salmón (2uds x 100g),"3,15 €
                /pack",10,pescados-y-mariscos,2024-11-11 22:09:33
Carne de Almeja Blanca cocida (bolsa de 270g),"3,45 €
                /ud",10,pescados-y-mariscos,2024-11-11 22:09:33
Bacalao Noruego salado,"17,25 €
                /kg",10,pescados-y-mariscos,2024-11-11 22:09:33
Mariscada Cocida (caja 800g),"12,75 €
                /ud",11,pescados-y-mariscos,2024-11-11 22:09:38
Almeja Japonesa pasteurizada 40/60 uds/kg (bolsa de 500g),"7,45 €
                /bolsa",11,pescados-y-mariscos,2024-11-11 22:09:38
Cigala entera (17/20 piezas x estuche 1kg).,"12,95 €
                /estuche",11,pescados-y-mariscos,2024-11-11 22:09:38
Rejos de pota,"9,95 €
                /kg",11,pescados-y-mariscos,2024-11-11 22:09:38
Cigala nº 00 (estuche 1.5kg),"39,75 €
                /kg",11,pescados-y-mariscos,2024-11-11 22:09:38
Rodaja de Corvina,"8,95 €
                /kg",11,pescados-y-mariscos,2024-11-11 22:09:38
Lenguado Tigre limpio,"8,85 €
                /kg",11,pescados-y-mariscos,2024-11-11 22:09:38
Colas de Surimi sabor Langostino (1ud x  250g),"1,95 €
                /pack",11,pescados-y-mariscos,2024-11-11 22:09:38
Lomo Perca con piel,"9,95 €
                /kg",11,pescados-y-mariscos,2024-11-11 22:09:38
Hamburguesa de Salmón (2uds x 100g),"3,15 €
                /pack",11,pescados-y-mariscos,2024-11-11 22:09:38
Carne de Almeja Blanca cocida (bolsa de 270g),"3,45 €
                /ud",11,pescados-y-mariscos,2024-11-11 22:09:38
Bacalao Noruego salado,"17,25 €
                /kg",11,pescados-y-mariscos,2024-11-11 22:09:38
Mariscada Cocida (caja 800g),"12,75 €
                /ud",12,pescados-y-mariscos,2024-11-11 22:09:42
Almeja Japonesa pasteurizada 40/60 uds/kg (bolsa de 500g),"7,45 €
                /bolsa",12,pescados-y-mariscos,2024-11-11 22:09:42
Cigala entera (17/20 piezas x estuche 1kg).,"12,95 €
                /estuche",12,pescados-y-mariscos,2024-11-11 22:09:42
Rejos de pota,"9,95 €
                /kg",12,pescados-y-mariscos,2024-11-11 22:09:42
Cigala nº 00 (estuche 1.5kg),"39,75 €
                /kg",12,pescados-y-mariscos,2024-11-11 22:09:42
Rodaja de Corvina,"8,95 €
                /kg",12,pescados-y-mariscos,2024-11-11 22:09:42
Lenguado Tigre limpio,"8,85 €
                /kg",12,pescados-y-mariscos,2024-11-11 22:09:42
Colas de Surimi sabor Langostino (1ud x  250g),"1,95 €
                /pack",12,pescados-y-mariscos,2024-11-11 22:09:42
Lomo Perca con piel,"9,95 €
                /kg",12,pescados-y-mariscos,2024-11-11 22:09:42
Hamburguesa de Salmón (2uds x 100g),"3,15 €
                /pack",12,pescados-y-mariscos,2024-11-11 22:09:42
Carne de Almeja Blanca cocida (bolsa de 270g),"3,45 €
                /ud",12,pescados-y-mariscos,2024-11-11 22:09:42
Bacalao Noruego salado,"17,25 €
                /kg",12,pescados-y-mariscos,2024-11-11 22:09:42
Poke de Salmón crudo (250g),"4,25 €
                /ud",1,precocinados,2024-11-11 22:09:46
Torreznos de Soria (bandeja de 230g),"5,15 €
                /bandeja",1,precocinados,2024-11-11 22:09:46
Heura Bocados Mediterráneos (pack de 180g),"4,35 €
                /pack",1,precocinados,2024-11-11 22:09:46
Heura Nuggets (pack de 180g),"4,35 €
                /pack",1,precocinados,2024-11-11 22:09:46
Heura hamburguesa (pack de 2udsx110g),"4,35 €
                /pack",1,precocinados,2024-11-11 22:09:46
Crispy Chicken mexicana (2uds x 115g),"3,15 €
                /estuche",1,precocinados,2024-11-11 22:09:46
Crispy Chicken americana (2uds x 115g),"3,15 €
                /estuche",1,precocinados,2024-11-11 22:09:46
Sancocho (bolsa de 1kg),"5,35 €
                /bolsa",1,precocinados,2024-11-11 22:09:46
Ñame en trozo (bolsa de 1kg),"8,75 €
                /ud",1,precocinados,2024-11-11 22:09:46
Solomillo de Pollo Kentucky Hot & Spicy (bolsa de 250g),"3,15 €
                /ud",1,precocinados,2024-11-11 22:09:46
Cachapa sin relleno (1ud x 145g),"1,89 €
                /ud",1,precocinados,2024-11-11 22:09:46
Tequeño Salchicha Queso (pack de 250g),"3,85 €
                /pack",1,precocinados,2024-11-11 22:09:46
Poke de Salmón crudo (250g),"4,25 €
                /ud",2,precocinados,2024-11-11 22:09:50
Torreznos de Soria (bandeja de 230g),"5,15 €
                /bandeja",2,precocinados,2024-11-11 22:09:50
Heura Bocados Mediterráneos (pack de 180g),"4,35 €
                /pack",2,precocinados,2024-11-11 22:09:50
Heura Nuggets (pack de 180g),"4,35 €
                /pack",2,precocinados,2024-11-11 22:09:50
Heura hamburguesa (pack de 2udsx110g),"4,35 €
                /pack",2,precocinados,2024-11-11 22:09:50
Crispy Chicken mexicana (2uds x 115g),"3,15 €
                /estuche",2,precocinados,2024-11-11 22:09:50
Crispy Chicken americana (2uds x 115g),"3,15 €
                /estuche",2,precocinados,2024-11-11 22:09:50
Sancocho (bolsa de 1kg),"5,35 €
                /bolsa",2,precocinados,2024-11-11 22:09:50
Ñame en trozo (bolsa de 1kg),"8,75 €
                /ud",2,precocinados,2024-11-11 22:09:50
Solomillo de Pollo Kentucky Hot & Spicy (bolsa de 250g),"3,15 €
                /ud",2,precocinados,2024-11-11 22:09:50
Cachapa sin relleno (1ud x 145g),"1,89 €
                /ud",2,precocinados,2024-11-11 22:09:50
Tequeño Salchicha Queso (pack de 250g),"3,85 €
                /pack",2,precocinados,2024-11-11 22:09:50
Poke de Salmón crudo (250g),"4,25 €
                /ud",3,precocinados,2024-11-11 22:09:54
Torreznos de Soria (bandeja de 230g),"5,15 €
                /bandeja",3,precocinados,2024-11-11 22:09:54
Heura Bocados Mediterráneos (pack de 180g),"4,35 €
                /pack",3,precocinados,2024-11-11 22:09:54
Heura Nuggets (pack de 180g),"4,35 €
                /pack",3,precocinados,2024-11-11 22:09:54
Heura hamburguesa (pack de 2udsx110g),"4,35 €
                /pack",3,precocinados,2024-11-11 22:09:54
Crispy Chicken mexicana (2uds x 115g),"3,15 €
                /estuche",3,precocinados,2024-11-11 22:09:54
Crispy Chicken americana (2uds x 115g),"3,15 €
                /estuche",3,precocinados,2024-11-11 22:09:54
Sancocho (bolsa de 1kg),"5,35 €
                /bolsa",3,precocinados,2024-11-11 22:09:54
Ñame en trozo (bolsa de 1kg),"8,75 €
                /ud",3,precocinados,2024-11-11 22:09:54
Solomillo de Pollo Kentucky Hot & Spicy (bolsa de 250g),"3,15 €
                /ud",3,precocinados,2024-11-11 22:09:54
Cachapa sin relleno (1ud x 145g),"1,89 €
                /ud",3,precocinados,2024-11-11 22:09:54
Tequeño Salchicha Queso (pack de 250g),"3,85 €
                /pack",3,precocinados,2024-11-11 22:09:54
Poke de Salmón crudo (250g),"4,25 €
                /ud",4,precocinados,2024-11-11 22:10:00
Torreznos de Soria (bandeja de 230g),"5,15 €
                /bandeja",4,precocinados,2024-11-11 22:10:00
Heura Bocados Mediterráneos (pack de 180g),"4,35 €
                /pack",4,precocinados,2024-11-11 22:10:00
Heura Nuggets (pack de 180g),"4,35 €
                /pack",4,precocinados,2024-11-11 22:10:00
Heura hamburguesa (pack de 2udsx110g),"4,35 €
                /pack",4,precocinados,2024-11-11 22:10:00
Crispy Chicken mexicana (2uds x 115g),"3,15 €
                /estuche",4,precocinados,2024-11-11 22:10:00
Crispy Chicken americana (2uds x 115g),"3,15 €
                /estuche",4,precocinados,2024-11-11 22:10:00
Sancocho (bolsa de 1kg),"5,35 €
                /bolsa",4,precocinados,2024-11-11 22:10:00
Ñame en trozo (bolsa de 1kg),"8,75 €
                /ud",4,precocinados,2024-11-11 22:10:00
Solomillo de Pollo Kentucky Hot & Spicy (bolsa de 250g),"3,15 €
                /ud",4,precocinados,2024-11-11 22:10:00
Cachapa sin relleno (1ud x 145g),"1,89 €
                /ud",4,precocinados,2024-11-11 22:10:00
Tequeño Salchicha Queso (pack de 250g),"3,85 €
                /pack",4,precocinados,2024-11-11 22:10:00
Poke de Salmón crudo (250g),"4,25 €
                /ud",5,precocinados,2024-11-11 22:10:04
Torreznos de Soria (bandeja de 230g),"5,15 €
                /bandeja",5,precocinados,2024-11-11 22:10:04
Heura Bocados Mediterráneos (pack de 180g),"4,35 €
                /pack",5,precocinados,2024-11-11 22:10:04
Heura Nuggets (pack de 180g),"4,35 €
                /pack",5,precocinados,2024-11-11 22:10:04
Heura hamburguesa (pack de 2udsx110g),"4,35 €
                /pack",5,precocinados,2024-11-11 22:10:04
Crispy Chicken mexicana (2uds x 115g),"3,15 €
                /estuche",5,precocinados,2024-11-11 22:10:04
Crispy Chicken americana (2uds x 115g),"3,15 €
                /estuche",5,precocinados,2024-11-11 22:10:04
Sancocho (bolsa de 1kg),"5,35 €
                /bolsa",5,precocinados,2024-11-11 22:10:04
Ñame en trozo (bolsa de 1kg),"8,75 €
                /ud",5,precocinados,2024-11-11 22:10:04
Solomillo de Pollo Kentucky Hot & Spicy (bolsa de 250g),"3,15 €
                /ud",5,precocinados,2024-11-11 22:10:04
Cachapa sin relleno (1ud x 145g),"1,89 €
                /ud",5,precocinados,2024-11-11 22:10:04
Tequeño Salchicha Queso (pack de 250g),"3,85 €
                /pack",5,precocinados,2024-11-11 22:10:04
Poke de Salmón crudo (250g),"4,25 €
                /ud",6,precocinados,2024-11-11 22:10:09
Torreznos de Soria (bandeja de 230g),"5,15 €
                /bandeja",6,precocinados,2024-11-11 22:10:09
Heura Bocados Mediterráneos (pack de 180g),"4,35 €
                /pack",6,precocinados,2024-11-11 22:10:09
Heura Nuggets (pack de 180g),"4,35 €
                /pack",6,precocinados,2024-11-11 22:10:09
Heura hamburguesa (pack de 2udsx110g),"4,35 €
                /pack",6,precocinados,2024-11-11 22:10:09
Crispy Chicken mexicana (2uds x 115g),"3,15 €
                /estuche",6,precocinados,2024-11-11 22:10:09
Crispy Chicken americana (2uds x 115g),"3,15 €
                /estuche",6,precocinados,2024-11-11 22:10:09
Sancocho (bolsa de 1kg),"5,35 €
                /bolsa",6,precocinados,2024-11-11 22:10:09
Ñame en trozo (bolsa de 1kg),"8,75 €
                /ud",6,precocinados,2024-11-11 22:10:09
Solomillo de Pollo Kentucky Hot & Spicy (bolsa de 250g),"3,15 €
                /ud",6,precocinados,2024-11-11 22:10:09
Cachapa sin relleno (1ud x 145g),"1,89 €
                /ud",6,precocinados,2024-11-11 22:10:09
Tequeño Salchicha Queso (pack de 250g),"3,85 €
                /pack",6,precocinados,2024-11-11 22:10:09
Poke de Salmón crudo (250g),"4,25 €
                /ud",7,precocinados,2024-11-11 22:10:15
Torreznos de Soria (bandeja de 230g),"5,15 €
                /bandeja",7,precocinados,2024-11-11 22:10:15
Heura Bocados Mediterráneos (pack de 180g),"4,35 €
                /pack",7,precocinados,2024-11-11 22:10:15
Heura Nuggets (pack de 180g),"4,35 €
                /pack",7,precocinados,2024-11-11 22:10:15
Heura hamburguesa (pack de 2udsx110g),"4,35 €
                /pack",7,precocinados,2024-11-11 22:10:15
Crispy Chicken mexicana (2uds x 115g),"3,15 €
                /estuche",7,precocinados,2024-11-11 22:10:15
Crispy Chicken americana (2uds x 115g),"3,15 €
                /estuche",7,precocinados,2024-11-11 22:10:15
Sancocho (bolsa de 1kg),"5,35 €
                /bolsa",7,precocinados,2024-11-11 22:10:15
Ñame en trozo (bolsa de 1kg),"8,75 €
                /ud",7,precocinados,2024-11-11 22:10:15
Solomillo de Pollo Kentucky Hot & Spicy (bolsa de 250g),"3,15 €
                /ud",7,precocinados,2024-11-11 22:10:15
Cachapa sin relleno (1ud x 145g),"1,89 €
                /ud",7,precocinados,2024-11-11 22:10:15
Tequeño Salchicha Queso (pack de 250g),"3,85 €
                /pack",7,precocinados,2024-11-11 22:10:15
Poke de Salmón crudo (250g),"4,25 €
                /ud",8,precocinados,2024-11-11 22:10:20
Torreznos de Soria (bandeja de 230g),"5,15 €
                /bandeja",8,precocinados,2024-11-11 22:10:20
Heura Bocados Mediterráneos (pack de 180g),"4,35 €
                /pack",8,precocinados,2024-11-11 22:10:20
Heura Nuggets (pack de 180g),"4,35 €
                /pack",8,precocinados,2024-11-11 22:10:20
Heura hamburguesa (pack de 2udsx110g),"4,35 €
                /pack",8,precocinados,2024-11-11 22:10:20
Crispy Chicken mexicana (2uds x 115g),"3,15 €
                /estuche",8,precocinados,2024-11-11 22:10:20
Crispy Chicken americana (2uds x 115g),"3,15 €
                /estuche",8,precocinados,2024-11-11 22:10:20
Sancocho (bolsa de 1kg),"5,35 €
                /bolsa",8,precocinados,2024-11-11 22:10:20
Ñame en trozo (bolsa de 1kg),"8,75 €
                /ud",8,precocinados,2024-11-11 22:10:20
Solomillo de Pollo Kentucky Hot & Spicy (bolsa de 250g),"3,15 €
                /ud",8,precocinados,2024-11-11 22:10:20
Cachapa sin relleno (1ud x 145g),"1,89 €
                /ud",8,precocinados,2024-11-11 22:10:20
Tequeño Salchicha Queso (pack de 250g),"3,85 €
                /pack",8,precocinados,2024-11-11 22:10:20
Poke de Salmón crudo (250g),"4,25 €
                /ud",9,precocinados,2024-11-11 22:10:25
Torreznos de Soria (bandeja de 230g),"5,15 €
                /bandeja",9,precocinados,2024-11-11 22:10:25
Heura Bocados Mediterráneos (pack de 180g),"4,35 €
                /pack",9,precocinados,2024-11-11 22:10:25
Heura Nuggets (pack de 180g),"4,35 €
                /pack",9,precocinados,2024-11-11 22:10:25
Heura hamburguesa (pack de 2udsx110g),"4,35 €
                /pack",9,precocinados,2024-11-11 22:10:25
Crispy Chicken mexicana (2uds x 115g),"3,15 €
                /estuche",9,precocinados,2024-11-11 22:10:25
Crispy Chicken americana (2uds x 115g),"3,15 €
                /estuche",9,precocinados,2024-11-11 22:10:25
Sancocho (bolsa de 1kg),"5,35 €
                /bolsa",9,precocinados,2024-11-11 22:10:25
Ñame en trozo (bolsa de 1kg),"8,75 €
                /ud",9,precocinados,2024-11-11 22:10:25
Solomillo de Pollo Kentucky Hot & Spicy (bolsa de 250g),"3,15 €
                /ud",9,precocinados,2024-11-11 22:10:25
Cachapa sin relleno (1ud x 145g),"1,89 €
                /ud",9,precocinados,2024-11-11 22:10:25
Tequeño Salchicha Queso (pack de 250g),"3,85 €
                /pack",9,precocinados,2024-11-11 22:10:25
Poke de Salmón crudo (250g),"4,25 €
                /ud",10,precocinados,2024-11-11 22:10:32
Torreznos de Soria (bandeja de 230g),"5,15 €
                /bandeja",10,precocinados,2024-11-11 22:10:32
Heura Bocados Mediterráneos (pack de 180g),"4,35 €
                /pack",10,precocinados,2024-11-11 22:10:32
Heura Nuggets (pack de 180g),"4,35 €
                /pack",10,precocinados,2024-11-11 22:10:32
Heura hamburguesa (pack de 2udsx110g),"4,35 €
                /pack",10,precocinados,2024-11-11 22:10:32
Crispy Chicken mexicana (2uds x 115g),"3,15 €
                /estuche",10,precocinados,2024-11-11 22:10:32
Crispy Chicken americana (2uds x 115g),"3,15 €
                /estuche",10,precocinados,2024-11-11 22:10:32
Sancocho (bolsa de 1kg),"5,35 €
                /bolsa",10,precocinados,2024-11-11 22:10:32
Ñame en trozo (bolsa de 1kg),"8,75 €
                /ud",10,precocinados,2024-11-11 22:10:32
Solomillo de Pollo Kentucky Hot & Spicy (bolsa de 250g),"3,15 €
                /ud",10,precocinados,2024-11-11 22:10:32
Cachapa sin relleno (1ud x 145g),"1,89 €
                /ud",10,precocinados,2024-11-11 22:10:32
Tequeño Salchicha Queso (pack de 250g),"3,85 €
                /pack",10,precocinados,2024-11-11 22:10:32
Poke de Salmón crudo (250g),"4,25 €
                /ud",11,precocinados,2024-11-11 22:10:38
Torreznos de Soria (bandeja de 230g),"5,15 €
                /bandeja",11,precocinados,2024-11-11 22:10:38
Heura Bocados Mediterráneos (pack de 180g),"4,35 €
                /pack",11,precocinados,2024-11-11 22:10:38
Heura Nuggets (pack de 180g),"4,35 €
                /pack",11,precocinados,2024-11-11 22:10:38
Heura hamburguesa (pack de 2udsx110g),"4,35 €
                /pack",11,precocinados,2024-11-11 22:10:38
Crispy Chicken mexicana (2uds x 115g),"3,15 €
                /estuche",11,precocinados,2024-11-11 22:10:38
Crispy Chicken americana (2uds x 115g),"3,15 €
                /estuche",11,precocinados,2024-11-11 22:10:38
Sancocho (bolsa de 1kg),"5,35 €
                /bolsa",11,precocinados,2024-11-11 22:10:38
Ñame en trozo (bolsa de 1kg),"8,75 €
                /ud",11,precocinados,2024-11-11 22:10:38
Solomillo de Pollo Kentucky Hot & Spicy (bolsa de 250g),"3,15 €
                /ud",11,precocinados,2024-11-11 22:10:38
Cachapa sin relleno (1ud x 145g),"1,89 €
                /ud",11,precocinados,2024-11-11 22:10:38
Tequeño Salchicha Queso (pack de 250g),"3,85 €
                /pack",11,precocinados,2024-11-11 22:10:38
Poke de Salmón crudo (250g),"4,25 €
                /ud",12,precocinados,2024-11-11 22:10:43
Torreznos de Soria (bandeja de 230g),"5,15 €
                /bandeja",12,precocinados,2024-11-11 22:10:43
Heura Bocados Mediterráneos (pack de 180g),"4,35 €
                /pack",12,precocinados,2024-11-11 22:10:43
Heura Nuggets (pack de 180g),"4,35 €
                /pack",12,precocinados,2024-11-11 22:10:43
Heura hamburguesa (pack de 2udsx110g),"4,35 €
                /pack",12,precocinados,2024-11-11 22:10:43
Crispy Chicken mexicana (2uds x 115g),"3,15 €
                /estuche",12,precocinados,2024-11-11 22:10:43
Crispy Chicken americana (2uds x 115g),"3,15 €
                /estuche",12,precocinados,2024-11-11 22:10:43
Sancocho (bolsa de 1kg),"5,35 €
                /bolsa",12,precocinados,2024-11-11 22:10:43
Ñame en trozo (bolsa de 1kg),"8,75 €
                /ud",12,precocinados,2024-11-11 22:10:43
Solomillo de Pollo Kentucky Hot & Spicy (bolsa de 250g),"3,15 €
                /ud",12,precocinados,2024-11-11 22:10:43
Cachapa sin relleno (1ud x 145g),"1,89 €
                /ud",12,precocinados,2024-11-11 22:10:43
Tequeño Salchicha Queso (pack de 250g),"3,85 €
                /pack",12,precocinados,2024-11-11 22:10:43
Poke de Salmón crudo (250g),"4,25 €
                /ud",13,precocinados,2024-11-11 22:10:48
Torreznos de Soria (bandeja de 230g),"5,15 €
                /bandeja",13,precocinados,2024-11-11 22:10:48
Heura Bocados Mediterráneos (pack de 180g),"4,35 €
                /pack",13,precocinados,2024-11-11 22:10:48
Heura Nuggets (pack de 180g),"4,35 €
                /pack",13,precocinados,2024-11-11 22:10:48
Heura hamburguesa (pack de 2udsx110g),"4,35 €
                /pack",13,precocinados,2024-11-11 22:10:48
Crispy Chicken mexicana (2uds x 115g),"3,15 €
                /estuche",13,precocinados,2024-11-11 22:10:48
Crispy Chicken americana (2uds x 115g),"3,15 €
                /estuche",13,precocinados,2024-11-11 22:10:48
Sancocho (bolsa de 1kg),"5,35 €
                /bolsa",13,precocinados,2024-11-11 22:10:48
Ñame en trozo (bolsa de 1kg),"8,75 €
                /ud",13,precocinados,2024-11-11 22:10:48
Solomillo de Pollo Kentucky Hot & Spicy (bolsa de 250g),"3,15 €
                /ud",13,precocinados,2024-11-11 22:10:48
Cachapa sin relleno (1ud x 145g),"1,89 €
                /ud",13,precocinados,2024-11-11 22:10:48
Tequeño Salchicha Queso (pack de 250g),"3,85 €
                /pack",13,precocinados,2024-11-11 22:10:48
Poke de Salmón crudo (250g),"4,25 €
                /ud",14,precocinados,2024-11-11 22:10:52
Torreznos de Soria (bandeja de 230g),"5,15 €
                /bandeja",14,precocinados,2024-11-11 22:10:52
Heura Bocados Mediterráneos (pack de 180g),"4,35 €
                /pack",14,precocinados,2024-11-11 22:10:52
Heura Nuggets (pack de 180g),"4,35 €
                /pack",14,precocinados,2024-11-11 22:10:52
Heura hamburguesa (pack de 2udsx110g),"4,35 €
                /pack",14,precocinados,2024-11-11 22:10:52
Crispy Chicken mexicana (2uds x 115g),"3,15 €
                /estuche",14,precocinados,2024-11-11 22:10:52
Crispy Chicken americana (2uds x 115g),"3,15 €
                /estuche",14,precocinados,2024-11-11 22:10:52
Sancocho (bolsa de 1kg),"5,35 €
                /bolsa",14,precocinados,2024-11-11 22:10:52
Ñame en trozo (bolsa de 1kg),"8,75 €
                /ud",14,precocinados,2024-11-11 22:10:52
Solomillo de Pollo Kentucky Hot & Spicy (bolsa de 250g),"3,15 €
                /ud",14,precocinados,2024-11-11 22:10:52
Cachapa sin relleno (1ud x 145g),"1,89 €
                /ud",14,precocinados,2024-11-11 22:10:52
Tequeño Salchicha Queso (pack de 250g),"3,85 €
                /pack",14,precocinados,2024-11-11 22:10:52
Ají Limo (bolsa de 500g),"3,95 €
                /bolsa",1,vegetales-y-frutas,2024-11-11 22:10:57
Choclo desgranado (bolsa de 500g),"3,95 €
                /bolsa",1,vegetales-y-frutas,2024-11-11 22:10:57
Pavo con Verduras (bolsa de 400g),"2,89 €
                /ud",1,vegetales-y-frutas,2024-11-11 22:10:57
Judía Negra precocida,"3,45 €
                /kg",1,vegetales-y-frutas,2024-11-11 22:10:57
Chile Rojo en cubos (bolsa de 250g),"1,75 €
                /ud",1,vegetales-y-frutas,2024-11-11 22:10:57
Edamame grano (bolsa de 250g),"1,75 €
                /bolsa",1,vegetales-y-frutas,2024-11-11 22:10:57
Pulpa de Fresa (pack de 230g),"2,15 €
                /ud",1,vegetales-y-frutas,2024-11-11 22:10:57
Pulpa de Tomate de Árbol (pack de 230g),"2,15 €
                /ud",1,vegetales-y-frutas,2024-11-11 22:10:57
Alubia Roja precocida,"3,35 €
                /kg",1,vegetales-y-frutas,2024-11-11 22:10:57
Granada (bolsa de 400g),"1,99 €
                /ud",1,vegetales-y-frutas,2024-11-11 22:10:57
Pulpa Acaí (1ud x 200g),"2,95 €
                /ud",1,vegetales-y-frutas,2024-11-11 22:10:57
Melocotón en gajos,"5,45 €
                /kg",1,vegetales-y-frutas,2024-11-11 22:10:57
Ají Limo (bolsa de 500g),"3,95 €
                /bolsa",2,vegetales-y-frutas,2024-11-11 22:11:02
Choclo desgranado (bolsa de 500g),"3,95 €
                /bolsa",2,vegetales-y-frutas,2024-11-11 22:11:02
Pavo con Verduras (bolsa de 400g),"2,89 €
                /ud",2,vegetales-y-frutas,2024-11-11 22:11:02
Judía Negra precocida,"3,45 €
                /kg",2,vegetales-y-frutas,2024-11-11 22:11:02
Chile Rojo en cubos (bolsa de 250g),"1,75 €
                /ud",2,vegetales-y-frutas,2024-11-11 22:11:02
Edamame grano (bolsa de 250g),"1,75 €
                /bolsa",2,vegetales-y-frutas,2024-11-11 22:11:02
Pulpa de Fresa (pack de 230g),"2,15 €
                /ud",2,vegetales-y-frutas,2024-11-11 22:11:02
Pulpa de Tomate de Árbol (pack de 230g),"2,15 €
                /ud",2,vegetales-y-frutas,2024-11-11 22:11:02
Alubia Roja precocida,"3,35 €
                /kg",2,vegetales-y-frutas,2024-11-11 22:11:02
Granada (bolsa de 400g),"1,99 €
                /ud",2,vegetales-y-frutas,2024-11-11 22:11:02
Pulpa Acaí (1ud x 200g),"2,95 €
                /ud",2,vegetales-y-frutas,2024-11-11 22:11:02
Melocotón en gajos,"5,45 €
                /kg",2,vegetales-y-frutas,2024-11-11 22:11:02
Ají Limo (bolsa de 500g),"3,95 €
                /bolsa",3,vegetales-y-frutas,2024-11-11 22:11:06
Choclo desgranado (bolsa de 500g),"3,95 €
                /bolsa",3,vegetales-y-frutas,2024-11-11 22:11:06
Pavo con Verduras (bolsa de 400g),"2,89 €
                /ud",3,vegetales-y-frutas,2024-11-11 22:11:06
Judía Negra precocida,"3,45 €
                /kg",3,vegetales-y-frutas,2024-11-11 22:11:06
Chile Rojo en cubos (bolsa de 250g),"1,75 €
                /ud",3,vegetales-y-frutas,2024-11-11 22:11:06
Edamame grano (bolsa de 250g),"1,75 €
                /bolsa",3,vegetales-y-frutas,2024-11-11 22:11:06
Pulpa de Fresa (pack de 230g),"2,15 €
                /ud",3,vegetales-y-frutas,2024-11-11 22:11:06
Pulpa de Tomate de Árbol (pack de 230g),"2,15 €
                /ud",3,vegetales-y-frutas,2024-11-11 22:11:06
Alubia Roja precocida,"3,35 €
                /kg",3,vegetales-y-frutas,2024-11-11 22:11:06
Granada (bolsa de 400g),"1,99 €
                /ud",3,vegetales-y-frutas,2024-11-11 22:11:06
Pulpa Acaí (1ud x 200g),"2,95 €
                /ud",3,vegetales-y-frutas,2024-11-11 22:11:06
Melocotón en gajos,"5,45 €
                /kg",3,vegetales-y-frutas,2024-11-11 22:11:06
Ají Limo (bolsa de 500g),"3,95 €
                /bolsa",4,vegetales-y-frutas,2024-11-11 22:11:12
Choclo desgranado (bolsa de 500g),"3,95 €
                /bolsa",4,vegetales-y-frutas,2024-11-11 22:11:12
Pavo con Verduras (bolsa de 400g),"2,89 €
                /ud",4,vegetales-y-frutas,2024-11-11 22:11:12
Judía Negra precocida,"3,45 €
                /kg",4,vegetales-y-frutas,2024-11-11 22:11:12
Chile Rojo en cubos (bolsa de 250g),"1,75 €
                /ud",4,vegetales-y-frutas,2024-11-11 22:11:12
Edamame grano (bolsa de 250g),"1,75 €
                /bolsa",4,vegetales-y-frutas,2024-11-11 22:11:12
Pulpa de Fresa (pack de 230g),"2,15 €
                /ud",4,vegetales-y-frutas,2024-11-11 22:11:12
Pulpa de Tomate de Árbol (pack de 230g),"2,15 €
                /ud",4,vegetales-y-frutas,2024-11-11 22:11:12
Alubia Roja precocida,"3,35 €
                /kg",4,vegetales-y-frutas,2024-11-11 22:11:12
Granada (bolsa de 400g),"1,99 €
                /ud",4,vegetales-y-frutas,2024-11-11 22:11:12
Pulpa Acaí (1ud x 200g),"2,95 €
                /ud",4,vegetales-y-frutas,2024-11-11 22:11:12
Melocotón en gajos,"5,45 €
                /kg",4,vegetales-y-frutas,2024-11-11 22:11:12
Ají Limo (bolsa de 500g),"3,95 €
                /bolsa",5,vegetales-y-frutas,2024-11-11 22:11:17
Choclo desgranado (bolsa de 500g),"3,95 €
                /bolsa",5,vegetales-y-frutas,2024-11-11 22:11:17
Pavo con Verduras (bolsa de 400g),"2,89 €
                /ud",5,vegetales-y-frutas,2024-11-11 22:11:17
Judía Negra precocida,"3,45 €
                /kg",5,vegetales-y-frutas,2024-11-11 22:11:17
Chile Rojo en cubos (bolsa de 250g),"1,75 €
                /ud",5,vegetales-y-frutas,2024-11-11 22:11:17
Edamame grano (bolsa de 250g),"1,75 €
                /bolsa",5,vegetales-y-frutas,2024-11-11 22:11:17
Pulpa de Fresa (pack de 230g),"2,15 €
                /ud",5,vegetales-y-frutas,2024-11-11 22:11:17
Pulpa de Tomate de Árbol (pack de 230g),"2,15 €
                /ud",5,vegetales-y-frutas,2024-11-11 22:11:17
Alubia Roja precocida,"3,35 €
                /kg",5,vegetales-y-frutas,2024-11-11 22:11:17
Granada (bolsa de 400g),"1,99 €
                /ud",5,vegetales-y-frutas,2024-11-11 22:11:17
Pulpa Acaí (1ud x 200g),"2,95 €
                /ud",5,vegetales-y-frutas,2024-11-11 22:11:17
Melocotón en gajos,"5,45 €
                /kg",5,vegetales-y-frutas,2024-11-11 22:11:17
Ají Limo (bolsa de 500g),"3,95 €
                /bolsa",6,vegetales-y-frutas,2024-11-11 22:11:21
Choclo desgranado (bolsa de 500g),"3,95 €
                /bolsa",6,vegetales-y-frutas,2024-11-11 22:11:21
Pavo con Verduras (bolsa de 400g),"2,89 €
                /ud",6,vegetales-y-frutas,2024-11-11 22:11:21
Judía Negra precocida,"3,45 €
                /kg",6,vegetales-y-frutas,2024-11-11 22:11:21
Chile Rojo en cubos (bolsa de 250g),"1,75 €
                /ud",6,vegetales-y-frutas,2024-11-11 22:11:21
Edamame grano (bolsa de 250g),"1,75 €
                /bolsa",6,vegetales-y-frutas,2024-11-11 22:11:21
Pulpa de Fresa (pack de 230g),"2,15 €
                /ud",6,vegetales-y-frutas,2024-11-11 22:11:21
Pulpa de Tomate de Árbol (pack de 230g),"2,15 €
                /ud",6,vegetales-y-frutas,2024-11-11 22:11:21
Alubia Roja precocida,"3,35 €
                /kg",6,vegetales-y-frutas,2024-11-11 22:11:21
Granada (bolsa de 400g),"1,99 €
                /ud",6,vegetales-y-frutas,2024-11-11 22:11:21
Pulpa Acaí (1ud x 200g),"2,95 €
                /ud",6,vegetales-y-frutas,2024-11-11 22:11:21
Melocotón en gajos,"5,45 €
                /kg",6,vegetales-y-frutas,2024-11-11 22:11:21
"Tarrina sabor Fresa de 4,8L","10,45 €
                /ud",1,helados-y-postres,2024-11-11 22:11:28
"Tarrina Vainilla Carte D´or 1,3L","3,25 €
                /tarrina",1,helados-y-postres,2024-11-11 22:11:28
"Tarrina Chocolate con Virutas Carte D´or 1,3L","3,25 €
                /tarrina",1,helados-y-postres,2024-11-11 22:11:28
Kids Mix (pack de 8uds),"3,95 €
                /pack",1,helados-y-postres,2024-11-11 22:11:28
"Tarrina sabor Chocolate de 4,8L","10,45 €
                /ud",1,helados-y-postres,2024-11-11 22:11:28
Magnum Mini Classic/Almendra/Chocolate Blanco (pack de 8uds),"4,75 €
                /tarrina",1,helados-y-postres,2024-11-11 22:11:28
Tarrina Ben & Jerrys Cookie Dough (tarrina de 465ml),"5,65 €
                /tarrina",1,helados-y-postres,2024-11-11 22:11:28
Tarrina Ben & Jerrys Chocolate Brownie (tarrina de 465ml),"5,65 €
                /tarrina",1,helados-y-postres,2024-11-11 22:11:28
Magnum After Dinner (pack de 8uds),"4,75 €
                /ud",1,helados-y-postres,2024-11-11 22:11:28
Pack PJ Mask (pack de 4uds),"2,95 €
                /ud",1,helados-y-postres,2024-11-11 22:11:28
Surtido Fly Up 3 Lima y 3 Fresa (pack de 6uds),"3,95 €
                /ud",1,helados-y-postres,2024-11-11 22:11:28
Nuii Caramelo&Nueces Macadamia (pack de 3uds),"4,59 €
                /pack",1,helados-y-postres,2024-11-11 22:11:28
"Tarrina sabor Fresa de 4,8L","10,45 €
                /ud",2,helados-y-postres,2024-11-11 22:11:32
"Tarrina Vainilla Carte D´or 1,3L","3,25 €
                /tarrina",2,helados-y-postres,2024-11-11 22:11:32
"Tarrina Chocolate con Virutas Carte D´or 1,3L","3,25 €
                /tarrina",2,helados-y-postres,2024-11-11 22:11:32
Kids Mix (pack de 8uds),"3,95 €
                /pack",2,helados-y-postres,2024-11-11 22:11:32
"Tarrina sabor Chocolate de 4,8L","10,45 €
                /ud",2,helados-y-postres,2024-11-11 22:11:32
Magnum Mini Classic/Almendra/Chocolate Blanco (pack de 8uds),"4,75 €
                /tarrina",2,helados-y-postres,2024-11-11 22:11:32
Tarrina Ben & Jerrys Cookie Dough (tarrina de 465ml),"5,65 €
                /tarrina",2,helados-y-postres,2024-11-11 22:11:32
Tarrina Ben & Jerrys Chocolate Brownie (tarrina de 465ml),"5,65 €
                /tarrina",2,helados-y-postres,2024-11-11 22:11:32
Magnum After Dinner (pack de 8uds),"4,75 €
                /ud",2,helados-y-postres,2024-11-11 22:11:32
Pack PJ Mask (pack de 4uds),"2,95 €
                /ud",2,helados-y-postres,2024-11-11 22:11:32
Surtido Fly Up 3 Lima y 3 Fresa (pack de 6uds),"3,95 €
                /ud",2,helados-y-postres,2024-11-11 22:11:32
Nuii Caramelo&Nueces Macadamia (pack de 3uds),"4,59 €
                /pack",2,helados-y-postres,2024-11-11 22:11:32
"Tarrina sabor Fresa de 4,8L","10,45 €
                /ud",3,helados-y-postres,2024-11-11 22:11:37
"Tarrina Vainilla Carte D´or 1,3L","3,25 €
                /tarrina",3,helados-y-postres,2024-11-11 22:11:37
"Tarrina Chocolate con Virutas Carte D´or 1,3L","3,25 €
                /tarrina",3,helados-y-postres,2024-11-11 22:11:37
Kids Mix (pack de 8uds),"3,95 €
                /pack",3,helados-y-postres,2024-11-11 22:11:37
"Tarrina sabor Chocolate de 4,8L","10,45 €
                /ud",3,helados-y-postres,2024-11-11 22:11:37
Magnum Mini Classic/Almendra/Chocolate Blanco (pack de 8uds),"4,75 €
                /tarrina",3,helados-y-postres,2024-11-11 22:11:37
Tarrina Ben & Jerrys Cookie Dough (tarrina de 465ml),"5,65 €
                /tarrina",3,helados-y-postres,2024-11-11 22:11:37
Tarrina Ben & Jerrys Chocolate Brownie (tarrina de 465ml),"5,65 €
                /tarrina",3,helados-y-postres,2024-11-11 22:11:37
Magnum After Dinner (pack de 8uds),"4,75 €
                /ud",3,helados-y-postres,2024-11-11 22:11:37
Pack PJ Mask (pack de 4uds),"2,95 €
                /ud",3,helados-y-postres,2024-11-11 22:11:37
Surtido Fly Up 3 Lima y 3 Fresa (pack de 6uds),"3,95 €
                /ud",3,helados-y-postres,2024-11-11 22:11:37
Nuii Caramelo&Nueces Macadamia (pack de 3uds),"4,59 €
                /pack",3,helados-y-postres,2024-11-11 22:11:37
"Tarrina sabor Fresa de 4,8L","10,45 €
                /ud",4,helados-y-postres,2024-11-11 22:11:42
"Tarrina Vainilla Carte D´or 1,3L","3,25 €
                /tarrina",4,helados-y-postres,2024-11-11 22:11:42
"Tarrina Chocolate con Virutas Carte D´or 1,3L","3,25 €
                /tarrina",4,helados-y-postres,2024-11-11 22:11:42
Kids Mix (pack de 8uds),"3,95 €
                /pack",4,helados-y-postres,2024-11-11 22:11:42
"Tarrina sabor Chocolate de 4,8L","10,45 €
                /ud",4,helados-y-postres,2024-11-11 22:11:42
Magnum Mini Classic/Almendra/Chocolate Blanco (pack de 8uds),"4,75 €
                /tarrina",4,helados-y-postres,2024-11-11 22:11:42
Tarrina Ben & Jerrys Cookie Dough (tarrina de 465ml),"5,65 €
                /tarrina",4,helados-y-postres,2024-11-11 22:11:42
Tarrina Ben & Jerrys Chocolate Brownie (tarrina de 465ml),"5,65 €
                /tarrina",4,helados-y-postres,2024-11-11 22:11:42
Magnum After Dinner (pack de 8uds),"4,75 €
                /ud",4,helados-y-postres,2024-11-11 22:11:42
Pack PJ Mask (pack de 4uds),"2,95 €
                /ud",4,helados-y-postres,2024-11-11 22:11:42
Surtido Fly Up 3 Lima y 3 Fresa (pack de 6uds),"3,95 €
                /ud",4,helados-y-postres,2024-11-11 22:11:42
Nuii Caramelo&Nueces Macadamia (pack de 3uds),"4,59 €
                /pack",4,helados-y-postres,2024-11-11 22:11:42
"Tarrina sabor Fresa de 4,8L","10,45 €
                /ud",5,helados-y-postres,2024-11-11 22:11:46
"Tarrina Vainilla Carte D´or 1,3L","3,25 €
                /tarrina",5,helados-y-postres,2024-11-11 22:11:46
"Tarrina Chocolate con Virutas Carte D´or 1,3L","3,25 €
                /tarrina",5,helados-y-postres,2024-11-11 22:11:46
Kids Mix (pack de 8uds),"3,95 €
                /pack",5,helados-y-postres,2024-11-11 22:11:46
"Tarrina sabor Chocolate de 4,8L","10,45 €
                /ud",5,helados-y-postres,2024-11-11 22:11:46
Magnum Mini Classic/Almendra/Chocolate Blanco (pack de 8uds),"4,75 €
                /tarrina",5,helados-y-postres,2024-11-11 22:11:46
Tarrina Ben & Jerrys Cookie Dough (tarrina de 465ml),"5,65 €
                /tarrina",5,helados-y-postres,2024-11-11 22:11:46
Tarrina Ben & Jerrys Chocolate Brownie (tarrina de 465ml),"5,65 €
                /tarrina",5,helados-y-postres,2024-11-11 22:11:46
Magnum After Dinner (pack de 8uds),"4,75 €
                /ud",5,helados-y-postres,2024-11-11 22:11:46
Pack PJ Mask (pack de 4uds),"2,95 €
                /ud",5,helados-y-postres,2024-11-11 22:11:46
Surtido Fly Up 3 Lima y 3 Fresa (pack de 6uds),"3,95 €
                /ud",5,helados-y-postres,2024-11-11 22:11:46
Nuii Caramelo&Nueces Macadamia (pack de 3uds),"4,59 €
                /pack",5,helados-y-postres,2024-11-11 22:11:46
"Tarrina sabor Fresa de 4,8L","10,45 €
                /ud",6,helados-y-postres,2024-11-11 22:11:50
"Tarrina Vainilla Carte D´or 1,3L","3,25 €
                /tarrina",6,helados-y-postres,2024-11-11 22:11:50
"Tarrina Chocolate con Virutas Carte D´or 1,3L","3,25 €
                /tarrina",6,helados-y-postres,2024-11-11 22:11:50
Kids Mix (pack de 8uds),"3,95 €
                /pack",6,helados-y-postres,2024-11-11 22:11:50
"Tarrina sabor Chocolate de 4,8L","10,45 €
                /ud",6,helados-y-postres,2024-11-11 22:11:50
Magnum Mini Classic/Almendra/Chocolate Blanco (pack de 8uds),"4,75 €
                /tarrina",6,helados-y-postres,2024-11-11 22:11:50
Tarrina Ben & Jerrys Cookie Dough (tarrina de 465ml),"5,65 €
                /tarrina",6,helados-y-postres,2024-11-11 22:11:50
Tarrina Ben & Jerrys Chocolate Brownie (tarrina de 465ml),"5,65 €
                /tarrina",6,helados-y-postres,2024-11-11 22:11:50
Magnum After Dinner (pack de 8uds),"4,75 €
                /ud",6,helados-y-postres,2024-11-11 22:11:50
Pack PJ Mask (pack de 4uds),"2,95 €
                /ud",6,helados-y-postres,2024-11-11 22:11:50
Surtido Fly Up 3 Lima y 3 Fresa (pack de 6uds),"3,95 €
                /ud",6,helados-y-postres,2024-11-11 22:11:50
Nuii Caramelo&Nueces Macadamia (pack de 3uds),"4,59 €
                /pack",6,helados-y-postres,2024-11-11 22:11:50
"Tarrina sabor Fresa de 4,8L","10,45 €
                /ud",7,helados-y-postres,2024-11-11 22:11:56
"Tarrina Vainilla Carte D´or 1,3L","3,25 €
                /tarrina",7,helados-y-postres,2024-11-11 22:11:56
"Tarrina Chocolate con Virutas Carte D´or 1,3L","3,25 €
                /tarrina",7,helados-y-postres,2024-11-11 22:11:56
Kids Mix (pack de 8uds),"3,95 €
                /pack",7,helados-y-postres,2024-11-11 22:11:56
"Tarrina sabor Chocolate de 4,8L","10,45 €
                /ud",7,helados-y-postres,2024-11-11 22:11:56
Magnum Mini Classic/Almendra/Chocolate Blanco (pack de 8uds),"4,75 €
                /tarrina",7,helados-y-postres,2024-11-11 22:11:56
Tarrina Ben & Jerrys Cookie Dough (tarrina de 465ml),"5,65 €
                /tarrina",7,helados-y-postres,2024-11-11 22:11:56
Tarrina Ben & Jerrys Chocolate Brownie (tarrina de 465ml),"5,65 €
                /tarrina",7,helados-y-postres,2024-11-11 22:11:56
Magnum After Dinner (pack de 8uds),"4,75 €
                /ud",7,helados-y-postres,2024-11-11 22:11:56
Pack PJ Mask (pack de 4uds),"2,95 €
                /ud",7,helados-y-postres,2024-11-11 22:11:56
Surtido Fly Up 3 Lima y 3 Fresa (pack de 6uds),"3,95 €
                /ud",7,helados-y-postres,2024-11-11 22:11:56
Nuii Caramelo&Nueces Macadamia (pack de 3uds),"4,59 €
                /pack",7,helados-y-postres,2024-11-11 22:11:56
"Tarrina sabor Fresa de 4,8L","10,45 €
                /ud",8,helados-y-postres,2024-11-11 22:11:59
"Tarrina Vainilla Carte D´or 1,3L","3,25 €
                /tarrina",8,helados-y-postres,2024-11-11 22:11:59
"Tarrina Chocolate con Virutas Carte D´or 1,3L","3,25 €
                /tarrina",8,helados-y-postres,2024-11-11 22:11:59
Kids Mix (pack de 8uds),"3,95 €
                /pack",8,helados-y-postres,2024-11-11 22:11:59
"Tarrina sabor Chocolate de 4,8L","10,45 €
                /ud",8,helados-y-postres,2024-11-11 22:11:59
Magnum Mini Classic/Almendra/Chocolate Blanco (pack de 8uds),"4,75 €
                /tarrina",8,helados-y-postres,2024-11-11 22:11:59
Tarrina Ben & Jerrys Cookie Dough (tarrina de 465ml),"5,65 €
                /tarrina",8,helados-y-postres,2024-11-11 22:11:59
Tarrina Ben & Jerrys Chocolate Brownie (tarrina de 465ml),"5,65 €
                /tarrina",8,helados-y-postres,2024-11-11 22:11:59
Magnum After Dinner (pack de 8uds),"4,75 €
                /ud",8,helados-y-postres,2024-11-11 22:11:59
Pack PJ Mask (pack de 4uds),"2,95 €
                /ud",8,helados-y-postres,2024-11-11 22:11:59
Surtido Fly Up 3 Lima y 3 Fresa (pack de 6uds),"3,95 €
                /ud",8,helados-y-postres,2024-11-11 22:11:59
Nuii Caramelo&Nueces Macadamia (pack de 3uds),"4,59 €
                /pack",8,helados-y-postres,2024-11-11 22:11:59
"Tarrina sabor Fresa de 4,8L","10,45 €
                /ud",9,helados-y-postres,2024-11-11 22:12:03
"Tarrina Vainilla Carte D´or 1,3L","3,25 €
                /tarrina",9,helados-y-postres,2024-11-11 22:12:03
"Tarrina Chocolate con Virutas Carte D´or 1,3L","3,25 €
                /tarrina",9,helados-y-postres,2024-11-11 22:12:03
Kids Mix (pack de 8uds),"3,95 €
                /pack",9,helados-y-postres,2024-11-11 22:12:03
"Tarrina sabor Chocolate de 4,8L","10,45 €
                /ud",9,helados-y-postres,2024-11-11 22:12:03
Magnum Mini Classic/Almendra/Chocolate Blanco (pack de 8uds),"4,75 €
                /tarrina",9,helados-y-postres,2024-11-11 22:12:03
Tarrina Ben & Jerrys Cookie Dough (tarrina de 465ml),"5,65 €
                /tarrina",9,helados-y-postres,2024-11-11 22:12:03
Tarrina Ben & Jerrys Chocolate Brownie (tarrina de 465ml),"5,65 €
                /tarrina",9,helados-y-postres,2024-11-11 22:12:03
Magnum After Dinner (pack de 8uds),"4,75 €
                /ud",9,helados-y-postres,2024-11-11 22:12:03
Pack PJ Mask (pack de 4uds),"2,95 €
                /ud",9,helados-y-postres,2024-11-11 22:12:03
Surtido Fly Up 3 Lima y 3 Fresa (pack de 6uds),"3,95 €
                /ud",9,helados-y-postres,2024-11-11 22:12:03
Nuii Caramelo&Nueces Macadamia (pack de 3uds),"4,59 €
                /pack",9,helados-y-postres,2024-11-11 22:12:03
